{"[5, 8]": {"result": 13, "time": 1728392439.3866348}, "[3, 9]": {"result": 12, "time": 1728392439.3886118}, "[6, 8]": {"result": 14, "time": 1728392439.3896136}}